<?xml version="1.0" encoding="UTF-8"?>
<viper>
    <!-- Shared modules -->
    <shared_modules param_file="shared_modules\shared_modules.xml"/>

    <!-- WakeUp pipeline -->
    <pipeline name="FLOW_CONTROL_PIPELINE">
        <!-- LISTENING COARSE pipeline -->
        <pipeline param_file="pipelines\listening_coarse.xml"/>	

        <!-- TRACKING pipeline -->
        <pipeline param_file="pipelines\tracking.xml"/>

        <!-- LISTENING_FINE pipeline -->
        <pipeline param_file="pipelines\calibration_pipeline.xml"/>

        <!-- Camera parameters -->
        <camera>
            <!-- This parameters are used ONLY for the first camera initialization. 
                If a multi-resolution camera layer is used, then the resolution defined here is the one forced when processing. -->
            <frame_height type="UINT">720</frame_height>
            <frame_width type="UINT">1280</frame_width>
            <frame_rate type="UINT">30</frame_rate>
            <default_camera_name type="STRING">"OV9726_Multires"</default_camera_name> <!-- OV9726_Rev, OV9726_Multires_Rev -->
        </camera>

        <!-- Global parameters -->
        <parameters>
            <!-- Resolution used to initialize the pipeline -->
            <roi_width_xyz type="FLOAT">178,122,200</roi_width_xyz> <!-- width of interaction zone, [mm]-->
            <roi_width_tracking_xyz type="FLOAT">178,122,200</roi_width_tracking_xyz> <!-- width of interaction zone for tracking, [mm]-->
            <roi_increase_x type="FLOAT">10</roi_increase_x>        <!-- Interaction zone x increase [mm] -->
            <roi_increase_y type="FLOAT">10</roi_increase_y>        <!-- Interaction zone y increase [mm] -->
            <roi_increase_z type="FLOAT">0</roi_increase_z>         <!-- Interaction zone z increase [mm] -->
            <min_finger_width type="INT">5</min_finger_width>
            <get_xyz_from_uv type="BOOL">TRUE</get_xyz_from_uv>
            <allow_roi_shift type="BOOL">TRUE</allow_roi_shift>
            <!-- [mm] measured at bottom end of template, should be 15, but is 5 in order to account for matched templates smaller than the actual finger shape-->
            <max_finger_width type="INT">25</max_finger_width>
            <min_blob_distance type="INT">800</min_blob_distance>               <!-- Threshold on the disparity map computation [mm] --> 
            <max_blob_distance type="INT">6500</max_blob_distance>              <!-- Threshold on the disparity map computation [mm] -->
            <min_supported_distance type="INT">900</min_supported_distance>     <!-- Used for WAKEUP_FAILURE_TOO_CLOSE event [mm]-->
            <max_supported_distance type="INT">6000</max_supported_distance>    <!-- Used for WAKEUP_FAILURE_TOO_FAR event [mm]-->
            <min_interval_expose_event type="INT">-1</min_interval_expose_event><!-- Used for FAILURES WAKEUP: time interval before exposing events [ms], (-1 means always)-->
            <supported_distance_tracking_slack type="INT">25</supported_distance_tracking_slack>
            <block_size type="INT">4</block_size>
            <!-- target frame rate for coarse wakeup -->
            <target_coarse_wakeup_fps type="FLOAT">30.0</target_coarse_wakeup_fps>
            <!-- default disparity resolution used for the noise term -->
            <disparity_resolution type="FLOAT">0.2</disparity_resolution>
        </parameters>
    </pipeline>
</viper>