<pipeline name="CALIBRATION_PIPELINE">
    <modules>
        <camController name="HISTOGRAM_TRAINER">
            <!-- FIXED_TRAINER | FIXED (run fixed, require %CALIB_DATA%\egct000.xml) | NONE keep camera auto setting -->
            <whiteBalanceGains type="FLOAT">11.0,8.0,16.0</whiteBalanceGains>
            <gainMaxAllowed type="FLOAT">7.5</gainMaxAllowed>
            <exposureMaxAllowed type="FLOAT">824</exposureMaxAllowed>
            <debug_print type="BOOL">FALSE</debug_print>
            <settling_time_frames type="INT">4</settling_time_frames>
            <num_bins type="INT">200</num_bins>
            <hist_target_region_lb type="FLOAT">30</hist_target_region_lb>
            <hist_target_region_ub type="FLOAT">650</hist_target_region_ub>
            <hist_saturation_tresh type="FLOAT">250</hist_saturation_tresh>
            <hist_push_up_to type="FLOAT">230</hist_push_up_to>
            <min_change_ratio_to_continue type="FLOAT">0.1</min_change_ratio_to_continue>
            <min_improvement_to_continue type="FLOAT">0.1</min_improvement_to_continue>
            <saturated_area_threshold type="FLOAT">0.05</saturated_area_threshold>
            <extrapolated_value_max type="FLOAT">5000</extrapolated_value_max>
            <high_irradiance_weight type="FLOAT">0.5</high_irradiance_weight>
            <saturated_weight type="FLOAT">0.25</saturated_weight>
            <max_iterations type="INT">3</max_iterations>
        </camController>
        <!-- DENSE STEREO -->
        <dense_stereo name="EMPTY_DENSE_STEREO"/>
        <!-- PIPELINE PARAMETERS-->
        <wakeupPipeline name="">
            <exposure_erosion_size type="INT">40, 20</exposure_erosion_size>
            <exposure_erosion_rotation type="INT">0</exposure_erosion_rotation>
            <color_erosion_size type="INT">25,18</color_erosion_size>
            <color_erosion_rotation type="INT">0</color_erosion_rotation>
            <reset_time_ms type="INT">500</reset_time_ms>
        </wakeupPipeline>
        <!-- WAVE DETECTOR FINE STAGE -->
        <fine_wave_detector name="STEADY">
            <wait_min_time_ms type="UINT">0</wait_min_time_ms>
            <hold_max_time_ms type="UINT">130</hold_max_time_ms>
            <acceptance_ratio type="FLOAT">0.5</acceptance_ratio>
            <wakeup_dist_max_xyz type="FLOAT">150, 100, 100</wakeup_dist_max_xyz>
        </fine_wave_detector>
        <!-- PREDICTION VALIDATION -->
        <prediction_validator name="EMPTY_PREDICTION_VALIDATION">
            <prediction_frequency type="INT">2</prediction_frequency>
        </prediction_validator>
        <!-- FINGER DETECTION -->
        <segmentor name="STACKED_FGC">
            <use_optical_flow_extrapolation type="BOOL">FALSE</use_optical_flow_extrapolation>
            <fb_extrapolation_error_thresh type="FLOAT">4.5</fb_extrapolation_error_thresh>
            <color_space type="STRING">"011"</color_space>
            <modules>
                <segmentor name="TemporalMultiFramesConditional">
                    <write_mask_result type="BOOL">FALSE</write_mask_result>
                    <min_ratio type="FLOAT">0.05</min_ratio>
                    <min_diff type="INT">5</min_diff>
                    <max_past_frames type="INT">2</max_past_frames>
                    <max_past_time_ms type="INT">1100</max_past_time_ms>
                    <max_foreground_ratio type="FLOAT">0.3</max_foreground_ratio>
                </segmentor>
                <segmentor name="NoOverExposed">
                    <write_mask_result type="BOOL">FALSE</write_mask_result>
                    <num_dilations type="INT">3</num_dilations>
                    <overexposed_thresh type="INT">230</overexposed_thresh>
                </segmentor>
            </modules>
        </segmentor>
        <candidate_detector name="TEMPLATE_MATCHER">
            <crop_image_based_on_prediction type="BOOL">TRUE</crop_image_based_on_prediction>
            <template_modalities type="STRING">"SilhouetteGradient",</template_modalities>
            <template_folder_path type="STRING">"/YML/WakeupLong"</template_folder_path>
            <match_thresh_names type="STRING">"finger",</match_thresh_names>
            <match_thresh_values type="FLOAT">71,</match_thresh_values>
            <max_num_matches type="INT">110</max_num_matches>
            <tm_crop_margin type="INT">22</tm_crop_margin>
            <tm_feedback_max_scale_delta type="FLOAT">0.0</tm_feedback_max_scale_delta>
            <tm_feedback_max_rot_delta type="INT">5</tm_feedback_max_rot_delta>
            <tm_feedback_max_num_candidates type="INT">0</tm_feedback_max_num_candidates>
            <sort_using_tip_proximity type="BOOL">TRUE</sort_using_tip_proximity>
        </candidate_detector>
        <outlier_remover_2d name="MULTIPLE_OUTLIER_REJECTOR">
            <modules>
                <outlier_remover_2d name="MORPHOLOGICAL_OUTLIER_REJECTOR">
                    <neighborhood_half_size type="INT">16</neighborhood_half_size>
                    <min_candidates_count type="UINT">3</min_candidates_count>
                </outlier_remover_2d>
                <outlier_remover_2d name="MEAN_SHIFT_OUTLIER_REJECTOR">
                  <dist_bandwidth_x type="FLOAT">11.0</dist_bandwidth_x>
                  <dist_bandwidth_y type="FLOAT">10.0</dist_bandwidth_y>
                  <scale_bandwidth type="FLOAT">1.0</scale_bandwidth>
                    <angle_bandwidth type="INT">2</angle_bandwidth>
                    <max_iterations type="INT">100</max_iterations>
                    <termination_difference type="INT">1</termination_difference>
                    <sorting_criteria type="STRING">"confidence"</sorting_criteria>
                    <apply_on_slave type="BOOL">true</apply_on_slave>
                </outlier_remover_2d>
            </modules>
            <!-- List of all the ORs the multiple rejector has to run sequentially -->
            <force_sequential type="STRING">"MEAN_SHIFT_OUTLIER_REJECTOR",</force_sequential>
        </outlier_remover_2d>
        <!-- STEREO -->
        <sparse_stereo name="TEMPLATE_BASED_SPARSE_STEREO">
            <median_kernel_size type="INT">3</median_kernel_size>
            <!-- [mm] measured at bottom end of template -->
            <stereo_confidence_th type="FLOAT">0.17</stereo_confidence_th>
            <stereo_n_rows_tolerance type="INT">5</stereo_n_rows_tolerance>
            <max_angle_diff_from_projection type="INT">30</max_angle_diff_from_projection>
            <!-- Patch Comparer -->
            <metric type="INT">5</metric>
            <!-- 0 = TAD_FIXED_WINDOW, 1 = WARPED_TAD, 2 = WARPED_GAD, 3 = WARPED_GADTAD, 4 = WARPED_BHD, 5 = WARPED_GADTADBHD -->
            <patch_width type="INT">41</patch_width>
            <patch_height type="INT">41</patch_height>
            <max_col_localization_error type="INT">4</max_col_localization_error>
            <!-- [pixel] max offset of candidate from correct position -->
            <max_row_localization_error type="INT">0</max_row_localization_error>
            <!-- todo: This is identical to n_rows_tolerance (?) -->
            <slave_refinement_only type="BOOL">true</slave_refinement_only>
            <gradient_image_contribute type="FLOAT">0.4</gradient_image_contribute>
            <!-- CORRELATION BASED SPARSE STEREO -->
            <stereo_aggregation_wnd_h_w_step type="INT">1</stereo_aggregation_wnd_h_w_step>
            <stereo_sampling_step type="INT">1</stereo_sampling_step>
            <stereo_row_col_ratio type="INT">2</stereo_row_col_ratio>
            <!-- TEMPLATE BASED SPARSE STEREO -->
            <templates_to_use type="STRING">"admissible"</templates_to_use>
            <!-- all, admissible -->
            <match_thresh_increase type="INT">0</match_thresh_increase>
            <refine_disparity type="BOOL">false</refine_disparity>
            <disparity_slack type="INT">10</disparity_slack>
            <admissibility_scale_slack type="FLOAT">0.2</admissibility_scale_slack>
            <admissibility_angle_slack type="FLOAT">15</admissibility_angle_slack>
            <template_matching_contribute type="FLOAT">0.1</template_matching_contribute>
            <stereo_LR_delta type="INT">16</stereo_LR_delta>
            <frame_to_debug_step_by_step type="INT">-1</frame_to_debug_step_by_step>
            <!-- Brief descriptor parameters-->
            <brief_descriptors_max_hamming_distance type="FLOAT">0.5</brief_descriptors_max_hamming_distance>
            <!--Stereo smoothing-->
            <stereo_smoothing_window_half_width type="INT">15</stereo_smoothing_window_half_width>
            <stereo_smoothing_window_half_height type="INT">15</stereo_smoothing_window_half_height>
            <smooth_to_top_row type="BOOL">FALSE</smooth_to_top_row>
            <!-- disparity resolution used for the z noise term -->
            <disparity_resolution type="FLOAT">0.9</disparity_resolution>
            <perform_z_check type="BOOL">false</perform_z_check>
            <weak_z_check_slack type="INT">5</weak_z_check_slack>
        </sparse_stereo>
        <outlier_remover_3d name="EMPTY_3D_REMOVER">
            <!-- KEEP CLOSEST 3d REMOVER -->
            <max_z_dist_to_closest_cand type="INT">100</max_z_dist_to_closest_cand>
        </outlier_remover_3d>
        <candidate_prioritization name="PROBABILISTIC_DATA_ASSOCIATOR">
            <use_template type="BOOL">TRUE</use_template>
            <use_parametricPDA type="BOOL">FALSE</use_parametricPDA>
            <use_row_rank type="BOOL">TRUE</use_row_rank>
            <num_frames_to_start_track type="INT">0</num_frames_to_start_track>
            <num_frames_to_retrieve_track type="INT">0</num_frames_to_retrieve_track>
            <target_detection_probability type="FLOAT">0.92</target_detection_probability>
            <gate_probability type="FLOAT">0.92</gate_probability>
            <lambda type="FLOAT">0.01</lambda>
            <x_variance type="FLOAT">300</x_variance>
            <y_variance type="FLOAT">800</y_variance>
            <z_variance type="FLOAT">20</z_variance>
            <scale_variance type="FLOAT">20</scale_variance>
            <rotation_variance type="FLOAT">800</rotation_variance>
            <x_noise_variance type="FLOAT">20</x_noise_variance>
            <y_noise_variance type="FLOAT">5</y_noise_variance>
            <z_noise_variance type="FLOAT">35</z_noise_variance>
            <scale_noise_variance type="FLOAT">1</scale_noise_variance>
            <rotation_noise_variance type="FLOAT">700</rotation_noise_variance>
            <v_bias type="FLOAT">0</v_bias>
            <dense_stereo_disparity_correction type="BOOL">FALSE</dense_stereo_disparity_correction>
            <bbox_shrink_ratio type="FLOAT">0.5</bbox_shrink_ratio>
        </candidate_prioritization>
        <!-- TRACKING -->
        <tracker name="EMPTY_TRACKER"/>
        <roi_mover name ="EMPTY_ROI_MOVER"/>
        <!-- CACHE -->
        <cache name="CACHE">
            <remapped_frame_buffer_size type="INT">1</remapped_frame_buffer_size>
            <remapped_frame_buffer_history type="INT">0</remapped_frame_buffer_history>
        </cache>
        <!-- VISUALIZATION PARAMETERS -->
        <visualization_param name="VISUALIZATION_PARAM">
            <show_all_superimposed type="BOOL">TRUE</show_all_superimposed>
            <prediction_validator type="BOOL">FALSE</prediction_validator>
            <segmentor type="BOOL">FALSE</segmentor>
            <candidate_detector type="BOOL">FALSE</candidate_detector>
            <outlier_remover_2d type="BOOL">FALSE</outlier_remover_2d>
            <sparse_stereo type="BOOL">FALSE</sparse_stereo>
            <dense_stereo type="BOOL">FALSE</dense_stereo>
            <outlier_remover_3d type="BOOL">FALSE</outlier_remover_3d>
            <candidate_prioritization type="BOOL">FALSE</candidate_prioritization>
            <tracker type="BOOL">FALSE</tracker>
            <roi_mover type="BOOL">FALSE</roi_mover>
            <stat_window type="BOOL">FALSE</stat_window>
            <wave_detector type="BOOL">FALSE</wave_detector>
            <wakeup_visualizations type="BOOL">FALSE</wakeup_visualizations>
            <show_module_trajectory type="STRING">"",</show_module_trajectory>
            <!-- "candidate_prioritization","tracker" -->
            <trajectory_display_height type="UINT">720</trajectory_display_height>
            <trajectory_display_width type="UINT">1280</trajectory_display_width>
            <trajectory_setting type="STRING">"1D","line"</trajectory_setting>
            <!-- [0] "1D" or "2D", [1] "line" or "dot" -->
            <trajectory_num_candidate type="INT">500,20</trajectory_num_candidate>
            <!-- [0] size of buffer, [1] latest # of candidates -->
            <wait_time type="INT">1</wait_time>
        </visualization_param>
    </modules>
    <camera/>
    <parameters/>
</pipeline>
