<?xml version="1.0" encoding="UTF-8"?>
<shared_modules>
    <!-- INTERACTION ZONE HANDLER -->
    <interaction_zone_handler>
        <input_frame_size_row_col type="UINT">720, 1280</input_frame_size_row_col>
        <output_height_iz_height_ratio type="float">1.08</output_height_iz_height_ratio>
        <finger_height_mm type="FLOAT">30</finger_height_mm>
        <interpolation_method type="INT">0</interpolation_method><!-- (CV_INTER_NN=0,  CV_INTER_LINEAR=1, CV_INTER_CUBIC=2, CV_INTER_AREA =3, CV_INTER_LANCZOS4 =4)-->
        <dense_stereo_disp_resolution type="FLOAT">0.7</dense_stereo_disp_resolution>
        <z_at_infinity_mm type="FLOAT">8000</z_at_infinity_mm>
    </interaction_zone_handler>
    <!-- APPEARANCE DESCRIPTORS -->
    <appearance_descriptor>
        <!-- Optical flow term -->
        <of_flow_from_previous_frame type="BOOL">true</of_flow_from_previous_frame>
        <of_intergration_window_size type="UINT">18</of_intergration_window_size>
        <of_pyramid_depth type="UINT">4</of_pyramid_depth>
    </appearance_descriptor>
    <!-- COLOR MODEL (BACKPROJECT) -->
    <color_model name="BACKPROJECT">
        <acquire_closest_object type="INT">0</acquire_closest_object>
        <!-- 0= not closest object , 1 = use closest object -->
        <ColorSpace type="INT">4</ColorSpace>
        <!-- 4=CV_BGR2RGB , 40 = CV_BGR2HSV -->
        <Ch1Bins type="INT">16</Ch1Bins>
        <Ch2Bins type="INT">16</Ch2Bins>
        <ch1_range0 type="FLOAT">0.</ch1_range0>
        <ch1_range1 type="FLOAT">255.</ch1_range1>
        <ch2_range0 type="FLOAT">0.</ch2_range0>
        <ch2_range1 type="FLOAT">255.</ch2_range1>
        <pChannels0 type="INT">0</pChannels0>
        <pChannels1 type="INT">1</pChannels1>
        <nChannels type="INT">2</nChannels>
        <keepProbablity type="FLOAT">0.97</keepProbablity>
        <erosion type="INT">1</erosion>
        <dilation type="INT">3</dilation>
        <NIMAGES type="INT">5</NIMAGES>
        <online_color_contribute type="FLOAT">0.16</online_color_contribute>
        <online_hist_history_length type="UINT">5</online_hist_history_length>
        <max_color_distance_for_online_update type="INT">6</max_color_distance_for_online_update>
        <trainingStopCriteria type="STRING">FixedSetSize</trainingStopCriteria>
        <debug_visualization type="BOOL">FALSE</debug_visualization>
    </color_model>
    <visualizations>  <!-- 1=visualize in listening, 2=visualize in tracking, 3= visualize in both, -1 always visualize-->
        <interaction_zone_handler type="INT">0</interaction_zone_handler>
        <appearance_descriptor type="INT">0</appearance_descriptor>
    </visualizations>
</shared_modules>