<pipeline name="LISTENING_COARSE_PIPELINE">
    <modules>
        <cam_controller_runner name="test">
            <wait_time_before_starting_ms type="INT">200</wait_time_before_starting_ms>
            <reset_exposure_every_ms type="INT">2000</reset_exposure_every_ms>
            <modules>
                <light_cond_checker name="GRAY_HIST_LIGHT_CHECK"> <!--GRAY_HIST_LIGHT_CHECK (only version) -->
                    <debug_light_conditions type="BOOL">FALSE</debug_light_conditions> 
                    <light_check_offline type="BOOL">FALSE</light_check_offline>
                    <min_too_dark_pixel_ratio type="FLOAT">0.7</min_too_dark_pixel_ratio> <!-- [0.7] minimum ratio of dark pixels (at max exposure) -->
                    <min_too_bright_pixel_ratio type="FLOAT">0.005</min_too_bright_pixel_ratio> <!-- [0.005] minimum ratio of bright pixels (at min exposure) -->
                    <min_interval_bad_light type="INT">-1</min_interval_bad_light><!-- [-1] minimum persistence of bad light conditions [ms] -->
                </light_cond_checker>
                <cam_controller name="HISTOGRAM_TRAINER"> <!-- FIXED_TRAINER | FIXED (run fixed, require %CALIB_DATA%\egct000.xml) | NONE keep camera auto setting -->
                    <whiteBalanceGains type="FLOAT">11.0,8.0,16.0</whiteBalanceGains>
                    <gainMaxAllowed type="FLOAT">7.5</gainMaxAllowed>
                    <exposureMaxAllowed type="FLOAT">824</exposureMaxAllowed>
                    <debug_print type="BOOL">FALSE</debug_print>
                    <settling_time_frames type="INT">4</settling_time_frames>
                    <num_bins type="INT">200</num_bins>
                    <hist_target_region_lb type="FLOAT">22</hist_target_region_lb>
                    <hist_target_region_ub type="FLOAT">550</hist_target_region_ub>
                    <hist_saturation_tresh type="FLOAT">245</hist_saturation_tresh>
                    <hist_push_up_to type="FLOAT">230</hist_push_up_to>
                    <min_change_ratio_to_continue type="FLOAT">0.1</min_change_ratio_to_continue>
                    <min_improvement_to_continue type="FLOAT">0.1</min_improvement_to_continue>
                    <saturated_area_threshold type="FLOAT">0.05</saturated_area_threshold>
                    <extrapolated_value_max type="FLOAT">5000</extrapolated_value_max>
                    <high_irradiance_weight type="FLOAT">3</high_irradiance_weight>
                    <saturated_weight type="FLOAT">1.6</saturated_weight>
                    <max_iterations type="INT">3</max_iterations>
                </cam_controller>
                <cam_controller name="HISTOGRAM_TRAINER">
                    <hist_target_region_lb type="FLOAT">40</hist_target_region_lb>
                    <hist_target_region_ub type="FLOAT">650</hist_target_region_ub>
                    <high_irradiance_weight type="FLOAT">0.5</high_irradiance_weight>
                    <saturated_weight type="FLOAT">0.1</saturated_weight>
                </cam_controller>
            </modules>
        </cam_controller_runner>
        <commonParameters name="">
            <subsample type="DOUBLE">1.0</subsample>
            <dilation_size type="INT">4</dilation_size>
            <y_down_shift_mm type="FLOAT">-18</y_down_shift_mm>
            <z_enlarge_factor type="FLOAT">1.5</z_enlarge_factor>
            <max_closest_hyp_count type="INT">1</max_closest_hyp_count>
            <!-- Usability parameter: max dimensions of finger wave [mm]-->
        </commonParameters>
        <!-- DENSE STEREO PARAMETERS-->
        <dense_stereo name="DENSE_STEREO">
            <bmh_nlca_only type="BOOL">FALSE</bmh_nlca_only>
            <bmh_pyr_levels type="INT">2</bmh_pyr_levels>
            <bmh_pyr_subsample type="INT">2</bmh_pyr_subsample>
            <bmh_propagation_rule type="INT">0</bmh_propagation_rule>
            <bmh_motion_threshold type="INT">5</bmh_motion_threshold>
            <bmh_roi_motion_threshold type="INT">3</bmh_roi_motion_threshold>
            <bmh_use_motion type="BOOL">FALSE</bmh_use_motion>
            <bmh_merge_fact type="FLOAT">0.2</bmh_merge_fact>
            <bmh_alpha type="INT">48</bmh_alpha>
            <bmh_beta type="INT">5</bmh_beta>
            <subsample type="DOUBLE">0.5</subsample>
            <bmh_exposure_filter type="BOOL">FALSE</bmh_exposure_filter>
            <bmh_exposure_min type="INT">5</bmh_exposure_min>
            <bmh_exposure_max type="INT">252</bmh_exposure_max>
            <bmh_subpixel type="BOOL">FALSE</bmh_subpixel>
            <!-- color model 0=grayscale, 1=RGB, 2=Lab -->
            <bmh_color_model type="INT">2</bmh_color_model>
            <!-- internal parameters fo1 BM -->
            <bmh_bm_prefilter_cap type="INT">31</bmh_bm_prefilter_cap>
            <bmh_bm_sad_window_size type="INT">5</bmh_bm_sad_window_size>
            <bmh_bm_roi_sad_window_size type="INT">7</bmh_bm_roi_sad_window_size>
            <bmh_bm_uniqueness_ratio type="FLOAT">5.0</bmh_bm_uniqueness_ratio>
            <bmh_bm_texture_thresh type="INT">5</bmh_bm_texture_thresh>
            <bmh_bm_speckle_range type="INT">32</bmh_bm_speckle_range>
            <bmh_bm_speckle_window_size type="INT">64</bmh_bm_speckle_window_size>
            <!-- internal parameters for SGBM -->
            <bmh_sgbm_prefilter_cap type="INT">31</bmh_sgbm_prefilter_cap>
            <bmh_sgbm_sad_window_size type="INT">3</bmh_sgbm_sad_window_size>
            <bmh_sgbm_uniqueness_ratio type="FLOAT">50.0</bmh_sgbm_uniqueness_ratio>
            <bmh_sgbm_speckle_range type="INT">32</bmh_sgbm_speckle_range>
            <!-- internal parameters for NLCA -->
            <bmh_nlca_max_sad_score type="INT">100</bmh_nlca_max_sad_score> <!-- 30 - 100 -->
            <bmh_nlca_uniqueness_ratio type="FLOAT">0.05</bmh_nlca_uniqueness_ratio> <!-- 0.05 - 0.4 -->
            <bmh_nlca_neighbor_distance_thresh type="INT">15</bmh_nlca_neighbor_distance_thresh> <!-- 3 - 30 -->
            <bmh_nlca_speckle_range type="INT">64</bmh_nlca_speckle_range>  <!-- 0 or 32 or 64 -->
            <bmh_nlca_speckle_window_size type="INT">128</bmh_nlca_speckle_window_size>
            <bmh_nlca_prefilter_type type="INT">0</bmh_nlca_prefilter_type>  <!-- -1 (none), 0 (norm), 1 (xsobel), 2(histo norm) -->
            <bmh_nlca_prefilter_cap type="INT">31</bmh_nlca_prefilter_cap>  <!-- 0, 31, 63, 127 -->
            <bmh_nlca_postfilter_size type="INT">5</bmh_nlca_postfilter_size>  <!-- 0, 3 or 5 -->
            <bmh_nlca_sigma type="FLOAT">0.05</bmh_nlca_sigma> <!-- 0.03 - 0.1 -->
            <bmh_nlca_roi_sigma type="FLOAT">0.1</bmh_nlca_roi_sigma>
            <bmh_nlca_left_right_check type="INT">0</bmh_nlca_left_right_check> <!-- maximum disparity between left and right (0 = no check) -->
            <bmh_nlca_support_type type="INT">0</bmh_nlca_support_type> <!-- 0 (raw), 1 (superpixel) -->
            <bmh_nlca_superpixel_num type="INT">0</bmh_nlca_superpixel_num>
            <do_only_in_roi type="BOOL">FALSE</do_only_in_roi>
        </dense_stereo>
        <segmentor name="STACKED_FGC">
            <use_optical_flow_extrapolation type="BOOL">FALSE</use_optical_flow_extrapolation>
            <fb_extrapolation_error_thresh type="FLOAT">4.5</fb_extrapolation_error_thresh>
            <color_space type="STRING">"011"</color_space>
            <modules>
                <segmentor name="TemporalMultiFramesConditional">
                    <write_mask_result type="BOOL">FALSE</write_mask_result>
                    <min_ratio type="FLOAT">0.01</min_ratio>
                    <min_diff type="INT">5</min_diff>
                    <max_past_frames type="INT">2</max_past_frames>
                    <max_past_time_ms type="INT">1000</max_past_time_ms>
                    <max_foreground_ratio type="FLOAT">1</max_foreground_ratio>
                </segmentor>
                <segmentor name="NoOverExposed">
                    <write_mask_result type="BOOL">FALSE</write_mask_result>
                    <num_dilations type="INT">3</num_dilations>
                    <overexposed_thresh type="INT">230</overexposed_thresh>
                </segmentor>
            </modules>
        </segmentor>
        <blob_detector name="MULTI_MODAL_BLOB_CLUSTERING">
            <area_range_mm2 type="FLOAT">2500,50000</area_range_mm2>
            <max_blob_depth type="FLOAT">200</max_blob_depth>
            <clustering_proximity_mm type="DOUBLE">175</clustering_proximity_mm>
            <do_plane_area_check type="BOOL">TRUE</do_plane_area_check>
            <min_plane_area type="INT">4000</min_plane_area>
            <remove_large_shallow_moving_blobs type="BOOL">TRUE</remove_large_shallow_moving_blobs>
            <remove_large_blob_components type="BOOL">FALSE</remove_large_blob_components>
            <disparity_resolution type="FLOAT">0.2</disparity_resolution>
            <max_distance_mm type="FLOAT">3000</max_distance_mm>
        </blob_detector>
        <blob_associator name="MULTIPLE_HYP_BLOB_ASSOCIATOR">
            <max_centroid_distance type="FLOAT">100, 150, 250</max_centroid_distance>
        </blob_associator>
        <blob_tester name="DECISION_TREE_BLOB_TESTER">
            <hold_max_time_ms type="INT">350</hold_max_time_ms>
            <modules>
                <gesture_detector name="HOG_WAKEUP_DETECTOR">
                    <shift_x_min_mm type="FLOAT">0</shift_x_min_mm>
                    <shift_x_max_mm type="FLOAT">0</shift_x_max_mm>
                    <shift_x_step_mm type="FLOAT">20</shift_x_step_mm>
                    <shift_y_min_mm type="FLOAT">0</shift_y_min_mm>
                    <shift_y_max_mm type="FLOAT">0</shift_y_max_mm>
                    <shift_y_step_mm type="FLOAT">20</shift_y_step_mm>
                    <shift_z_min_mm type="FLOAT">0</shift_z_min_mm>
                    <shift_z_max_mm type="FLOAT">0</shift_z_max_mm>
                    <shift_z_step_mm type="FLOAT">50</shift_z_step_mm>
                    <standartd_depth type="FLOAT">680</standartd_depth>
                    <positive_thresh type="FLOAT">0.2</positive_thresh>
                    <min_positive_count type="INT">6</min_positive_count>
                    <positive_label type="FLOAT">3</positive_label>
                    <model_file type="STRING">"\YML\Gesture\WakeupHogModel_01"</model_file>
                </gesture_detector>
            </modules>
        </blob_tester>
        <!-- CACHE -->
        <cache name="CACHE">
            <remapped_frame_buffer_size type="INT">1</remapped_frame_buffer_size>
            <remapped_frame_buffer_history type="INT">0</remapped_frame_buffer_history>
        </cache>
        <!-- VISUALIZATION PARAMETERS -->
        <visualization_param name="VISUALIZATION_PARAM">
            <dense_stereo type="BOOL">FALSE</dense_stereo>
            <blob_detector type="BOOL">FALSE</blob_detector>
            <blob_associator type="BOOL">FALSE</blob_associator>
            <blob_tester type="BOOL">TRUE</blob_tester>
            <wait_time type="INT">1</wait_time>
        </visualization_param>
    </modules>
    <camera/>
</pipeline>
