<pipeline name="WAKEUP_PIPELINE">
    <modules>
        <camController name = "FIXED_TRAINER"> <!-- FIXED_TRAINER | FIXED (run fixed, require %CALIB_DATA%\egct000.xml) | NONE keep camera auto setting -->				
            <whiteBalanceGains type="INT">1024, 1024, 1024</whiteBalanceGains>
            <okRegionUpperBound type="INT">250</okRegionUpperBound>
            <okRegionLowerBound type="INT">200</okRegionLowerBound >
            <exposureMaxDesired type="FLOAT">824</exposureMaxDesired>
            <gainMaxAllowed type="FLOAT">5.5</gainMaxAllowed>
            <reallyMaxExposure type="FLOAT">824</reallyMaxExposure>
            <decreaseStepRatio type="FLOAT">0.6</decreaseStepRatio>
            <desiredMinImgValue type="FLOAT">90</desiredMinImgValue>
            <percentile type="FLOAT">0.99</percentile>			
        </camController>
        <colorModel name = "BACKPROJECT">
            <ColorSpace type="INT">4</ColorSpace> <!-- 4=CV_BGR2RGB , 40 = CV_BGR2HSV -->
            <Ch1Bins type="INT">16</Ch1Bins>
            <Ch2Bins type="INT">16</Ch2Bins>
            <ch1_range0 type="FLOAT">0.</ch1_range0>
            <ch1_range1 type="FLOAT">255.</ch1_range1>
            <ch2_range0 type="FLOAT">0.</ch2_range0>
            <ch2_range1 type="FLOAT">255.</ch2_range1>
            <pChannels0 type="INT">0</pChannels0>
            <pChannels1 type="INT">1</pChannels1>
            <nChannels type="INT">2</nChannels>
            <keepProbablity type="FLOAT">0.97</keepProbablity>
            <erosion type="INT">3</erosion>
            <dilation type="INT">5</dilation>
            <NIMAGES type="INT">5</NIMAGES>
            <trainingStopCriteria type="STRING">FixedSetSize</trainingStopCriteria>
        </colorModel>
        <allCalib name="">
            <exposure_erosion_size type="INT">7, 7</exposure_erosion_size>
            <exposure_erosion_rotation type="INT">0</exposure_erosion_rotation>
            <color_erosion_size type="INT">13,7</color_erosion_size>
            <color_erosion_rotation type="INT">0</color_erosion_rotation>
            <num_frames_to_reset type="INT">30</num_frames_to_reset>
        </allCalib>
        <fine_wave_detector name="STEADY">
            <wait_num_frames type="UINT">3</wait_num_frames>
            <hold_num_frames type="UINT">5</hold_num_frames>
            <output_during_extrapolation type="BOOL">FALSE</output_during_extrapolation>
            <num_frames_to_reset type="INT">4</num_frames_to_reset>
            <wakeup_dist_max_xyz type="FLOAT">100, 30, 80 </wakeup_dist_max_xyz>
        </fine_wave_detector>
        <!-- FINGER DETECTION -->
        <interest_point_detector name="EMPTY_INTEREST_POINT_DETECTOR">
        </interest_point_detector>
        <candidate_detector name="TEMPLATE_MATCHER">
            <frame_height type="UINT">360</frame_height>
            <frame_width type="UINT">640</frame_width>
            <template_modalities type="STRING">"SilhouetteGradient",</template_modalities>
            <template_folder_path type="STRING">"/YML/WakeupLong"</template_folder_path>
            <block_size type="INT">4</block_size>
            <match_thresh type="FLOAT">70,</match_thresh>
            <max_num_matches type="INT">500</max_num_matches>
            <!-- FGC -->
            <fgc_type type="STRING">"TemporalMultiFramesNoOverexposed"</fgc_type>
            <fgc_binary_thresh type="INT">-2</fgc_binary_thresh>
            <fgc_clahe_thresh type="FLOAT">0.0</fgc_clahe_thresh>				
            <fgc_adaptive_kernel type="INT">15</fgc_adaptive_kernel>
            <fgc_magnitude_kernel type="INT">3</fgc_magnitude_kernel>
            <fgc_max_foreground_ratio type="FLOAT">0.3</fgc_max_foreground_ratio>
            <fgc_enable_tracker_feedback type="BOOL">FALSE</fgc_enable_tracker_feedback>
            <!-- Temporal Difference FGC -->
            <fgc_min_ratio type="FLOAT">0.01</fgc_min_ratio>
            <fgc_min_diff type="INT">6</fgc_min_diff>
            <fgc_max_past_frames type="INT">1</fgc_max_past_frames>
            <fgc_prev_cand_mask_width_half type="INT">2</fgc_prev_cand_mask_width_half>
            <fgc_prev_cand_mask_height_half type="INT">2</fgc_prev_cand_mask_height_half>
            <fgc_prev_cand_mask_contour_thickness type="INT">5</fgc_prev_cand_mask_contour_thickness>
            <fgc_feedback_type type="STRING">CONTOUR</fgc_feedback_type> <!-- <RECTANGLES> , <CONTOUR> -->
            <!-- SkinColorFGC -->
            <color_model_filename type="STRING">"BackProjectCM.xml"</color_model_filename>
            <dilation_kernel_size type="UINT">5</dilation_kernel_size>
            <color_model_type type="STRING">"BACKPROJECT"</color_model_type>
        </candidate_detector>	
        <!--<outlier_remover_2d name="EMPTY_OUTLIER_REJECTOR"></outlier_remover_2d>-->
        <outlier_remover_2d name="MEAN_SHIFT_OUTLIER_REJECTOR"> <!--MEAN_SHIFT_OUTLIER_REJECTOR-->
            <dist_bandwidth type="FLOAT">0.6</dist_bandwidth>
            <scale_bandwidth type="FLOAT">1.0</scale_bandwidth>
            <angle_bandwidth type="INT">2</angle_bandwidth>
            <max_iterations type="INT">100</max_iterations>
            <termination_difference type="INT">1</termination_difference>
            <sorting_criteria type="STRING">"confidence"</sorting_criteria>
            <apply_on_slave type="BOOL">true</apply_on_slave>
        </outlier_remover_2d>
        <!-- STEREO -->
        <sparse_stereo name="TEMPLATE_BASED_SPARSE_STEREO">	
            <min_supported_distance type="INT">300</min_supported_distance>
            <max_supported_distance type="INT">900</max_supported_distance>
            <median_kernel_size type="INT">3</median_kernel_size>
            <!-- [mm] measured at bottom end of template -->
            <stereo_confidence_th type="FLOAT">0.13</stereo_confidence_th>
            <stereo_n_rows_tolerance type="INT">5</stereo_n_rows_tolerance>
            <max_angle_diff_from_projection type="INT">30</max_angle_diff_from_projection>
            <!-- Patch Comparer -->
            <metric type="INT">5</metric>
            <!-- 0 = TAD_FIXED_WINDOW, 1 = WARPED_TAD, 2 = WARPED_GAD, 3 = WARPED_GADTAD, 4 = WARPED_BHD, 5 = WARPED_GADTADBHD -->
            <patch_width type="INT">41</patch_width>
            <patch_height type="INT">41</patch_height>
            <max_col_localization_error type="INT">4</max_col_localization_error>
            <!-- [pixel] max offset of candidate from correct position -->
            <max_row_localization_error type="INT">0</max_row_localization_error>
            <!-- todo: This is identical to n_rows_tolerance (?) -->
            <slave_refinement_only type="BOOL">true</slave_refinement_only>
            <gradient_image_contribute type="FLOAT">0.5</gradient_image_contribute>
            <!-- CORRELATION BASED SPARSE STEREO -->
            <stereo_aggregation_wnd_h_w_step type="INT">1</stereo_aggregation_wnd_h_w_step>
            <stereo_sampling_step type="INT">1</stereo_sampling_step>
            <stereo_row_col_ratio type="INT">2</stereo_row_col_ratio>
            <!-- TEMPLATE BASED SPARSE STEREO -->
            <templates_to_use type="STRING">"admissible"</templates_to_use>	<!-- all, admissible -->
            <match_thresh_increase type="INT">0</match_thresh_increase>
            <refine_disparity type="BOOL">false</refine_disparity>
            <disparity_slack type="INT">10</disparity_slack>
            <admissibility_scale_slack type="FLOAT">0.2</admissibility_scale_slack>
            <admissibility_angle_slack type="FLOAT">15</admissibility_angle_slack>
            <template_matching_contribute type="FLOAT">0.1</template_matching_contribute>
            <stereo_LR_delta type="INT">16</stereo_LR_delta>
            <frame_to_debug_step_by_step type="INT">-1</frame_to_debug_step_by_step>
            <!-- Brief descriptor parameters-->
            <brief_descriptors_max_hamming_distance type="FLOAT">0.5</brief_descriptors_max_hamming_distance>
            <!--Stereo smoothing-->
            <stereo_smoothing_window_half_width type="INT">15</stereo_smoothing_window_half_width>
            <stereo_smoothing_window_half_height type="INT">15</stereo_smoothing_window_half_height>
        </sparse_stereo>
        <outlier_remover_3d name="EMPTY_3D_REMOVER">
            <!-- KEEP CLOSEST 3d REMOVER -->
            <max_z_dist_to_closest_cand type="INT">100</max_z_dist_to_closest_cand>
        </outlier_remover_3d>
        <candidate_prioritization name="MULTIPLE_PRIORITIZER">
            <modules>
                <!-- NEW MULTI_WEIGHT_PRIORITIZER with ms current best guess params -->
                <candidate_prioritization name="NEW_BAYESIAN_PRIORITIZER">
                    <default_sampling_period type="FLOAT">33.3333</default_sampling_period>
                    <posterior_calc_method type="STRING">"last"</posterior_calc_method>
                    <use_tracker_output type="BOOL">FALSE</use_tracker_output>
                    <wl_row_rank type="FLOAT">0.6</wl_row_rank>
                    <wl_detection type="FLOAT">0.0</wl_detection>
                    <wp_distance_2d type="FLOAT">1.0</wp_distance_2d>
                    <wp_distance_3d type="FLOAT">0.0</wp_distance_3d>
                    <wp_orientation type="FLOAT">0.6</wp_orientation>
                    <wp_scale type="FLOAT">0.6</wp_scale>
                    <wp_appearance type="FLOAT">0.0</wp_appearance>
                    <w_likelihood type="FLOAT">1.0</w_likelihood>
                    <max_dist_X_3D type="FLOAT">26.0</max_dist_X_3D>
                    <max_dist_Y_3D type="FLOAT">18.0</max_dist_Y_3D>
                    <max_dist_Z_3D type="FLOAT">18.0</max_dist_Z_3D>
                    <max_dist_U_2D type="INT">90</max_dist_U_2D>
                    <max_dist_V_2D type="INT">60</max_dist_V_2D>
                    <max_diff_orientation type="INT">20</max_diff_orientation>
                    <max_diff_scale type="FLOAT">0.1</max_diff_scale>
                    <max_diff_appearance type="FLOAT">0.09</max_diff_appearance>
                    <cons_type type="STRING">"NO"</cons_type>
                    <confidence_thres type="FLOAT">0.20</confidence_thres>
                    <priorFingertipProb type="FLOAT">0.2</priorFingertipProb>
                    <beta type="FLOAT">1</beta>
                    <theta type="FLOAT">0.9</theta>
                    <p_rank_0 type="FLOAT">0.7</p_rank_0>
                    <p_rank_1 type="FLOAT">0.1</p_rank_1>
                </candidate_prioritization>
                <candidate_prioritization name="MULTI_HYPOTHESIS_ASSOCIATOR_3D">
                    <update_rate type="FLOAT">0.5</update_rate>
                    <decay_rate type="FLOAT">0.95</decay_rate>
                    <association_method type="STRING">highPosterior</association_method>
                    <track_dist_max_x type="FLOAT">80</track_dist_max_x>
                    <track_dist_max_y type="FLOAT">30</track_dist_max_y>
                    <track_dist_max_z type="FLOAT">80</track_dist_max_z>
                    <num_frames_to_win type="UINT">5</num_frames_to_win>
                    <num_frames_to_die type="UINT">4</num_frames_to_die>
                    <output_during_extrapolation type="BOOL">FALSE</output_during_extrapolation>
                    <print_debug_output type="BOOL">FALSE</print_debug_output>
                </candidate_prioritization>
            </modules>
        </candidate_prioritization> 
        <!-- TRACKING -->
        <tracker name="EMPTY_TRACKER"> 
        </tracker>
        <!-- VISUALIZATION PARAMETERS -->
        <visualization_param name="VISUALIZATION_PARAM">
            <show_all_superimposed type="BOOL">TRUE</show_all_superimposed>
            <interest_point_detector type="BOOL">FALSE</interest_point_detector>
            <candidate_detector type="BOOL">FALSE</candidate_detector>
            <outlier_remover_2d type="BOOL">FALSE</outlier_remover_2d>
            <sparse_stereo type="BOOL">FALSE</sparse_stereo>
            <outlier_remover_3d type="BOOL">FALSE</outlier_remover_3d>
            <candidate_prioritization type="BOOL">FALSE</candidate_prioritization>
            <tracker type="BOOL">FALSE</tracker>
            <stat_window type="BOOL">FALSE</stat_window>
            <wave_detector type="BOOL">FALSE</wave_detector>
            <wakeup_visualizations type="BOOL">TRUE</wakeup_visualizations>
            <wait_time type="INT">1</wait_time>
        </visualization_param>
    </modules>
    <camera>
        <frame_height type="UINT">360</frame_height>
        <frame_width type="UINT">640</frame_width>
        <frame_rate type="UINT">30</frame_rate>
    </camera>				
</pipeline>
