<pipeline name="MULTIPLE_PIPELINE">
    <pipeline name="STANDARD_DETECTION_PIPELINE">
        <modules>
            <!-- FINGER DETECTION -->
            <interest_point_detector name="EMPTY_INTEREST_POINT_DETECTOR">
            </interest_point_detector>
            <candidate_detector name="ARTAG">
                <!-- ARTAG -->
                <selected_color type="INT">3</selected_color><!-- //GREEN 0, RED 1, BLUE 2, YELLOW 3, BLUE_TUNED_TO_GLOVE 4 -->
                <color_threshold type="INT">70</color_threshold>
                <erode_size type="INT">5</erode_size>
                <dilate_size type="INT">10</dilate_size>
                <max_area type="FLOAT">25000</max_area>
            </candidate_detector>
            <outlier_remover_2d name="EMPTY_OUTLIER_REJECTOR"> 
            </outlier_remover_2d>
            <!-- STEREO -->
            <sparse_stereo name="CORRELATION_BASED_SPARSE_STEREO">
                <median_kernel_size type="INT">3</median_kernel_size>
                <min_supported_distance type="INT">134</min_supported_distance>
                <max_supported_distance type="INT">800</max_supported_distance>
                <min_finger_width type="INT">5</min_finger_width>   <!-- [mm] measured at bottom end of template, should be 15, but is 5 in order to account for matched templates smaller than the actual finger shape-->
                <max_finger_width type="INT">25</max_finger_width>   <!-- [mm] measured at bottom end of template -->
                <stereo_confidence_th type="FLOAT">1.00</stereo_confidence_th>
                <stereo_n_rows_tolerance type="INT">30</stereo_n_rows_tolerance>
                <!-- Patch Comparer -->
                <metric type="INT">1</metric>
                <patch_width type="INT">41</patch_width>
                <patch_height type="INT">41</patch_height>
                <max_col_localization_error type="INT">0</max_col_localization_error> <!-- [pixel] max offset of candidate from correct position --> 
                <max_row_localization_error type="INT">0</max_row_localization_error>  <!-- todo: This is identical to n_rows_tolerance (?) -->
                <slave_refinement_only type="BOOL">true</slave_refinement_only> 
                <gradient_image_contribute type="FLOAT">0.5</gradient_image_contribute>			
                <!-- CORRELATION BASED SPARSE STEREO -->
                <stereo_aggregation_wnd_h_w_step type="INT">1</stereo_aggregation_wnd_h_w_step>
                <stereo_sampling_step type="INT">1</stereo_sampling_step>
                <stereo_row_col_ratio type="INT">2</stereo_row_col_ratio>
                <!-- TEMPLATE BASED SPARSE STEREO -->
                <templates_to_use type="STRING">"admissible"</templates_to_use> <!-- all, admissible -->
                <refine_disparity type="BOOL">false</refine_disparity>
                <disparity_slack type="INT">10</disparity_slack>
                <admissibility_scale_slack type="FLOAT">0.2</admissibility_scale_slack>
                <admissibility_angle_slack type="FLOAT">5</admissibility_angle_slack>
                <max_angle_diff_from_projection type="INT">45</max_angle_diff_from_projection>
                <template_matching_contribute type="FLOAT">0.1</template_matching_contribute>
                <stereo_LR_delta type="INT">16</stereo_LR_delta>
                <frame_to_debug_step_by_step type="INT">-1</frame_to_debug_step_by_step>
                <!-- Brief descriptor parameters-->
                <brief_descriptors_max_hamming_distance type="FLOAT">0.5</brief_descriptors_max_hamming_distance>
            </sparse_stereo>
            <outlier_remover_3d name="EMPTY_3D_REMOVER">
            </outlier_remover_3d>
            <!-- DATA ASSOCIATION-->
            <candidate_prioritization name="BAYESIAN_DATA_ASSOCIATOR">
                <track_max_list_length type="UINT">2000</track_max_list_length>
                <track_max_candidates type="USHORT">5</track_max_candidates>
                <sigma_rowRank type="FLOAT">200</sigma_rowRank>
                <sigma_xy type="FLOAT">5.0</sigma_xy>
                <sigma_z type="FLOAT">10.0</sigma_z>
            </candidate_prioritization>
            <!-- TRACKING -->
            <tracker name="SMOOTHER_FIXEDLAG_2D_NO_TEMPLATES">
                <!-- SMOOTHER_FIXEDLAG_2D -->
                <hold_num_frames type="UINT">3</hold_num_frames>	
                <wait_num_frames type="UINT">1</wait_num_frames>
                <max_lag_pos type="FLOAT">20</max_lag_pos>
            </tracker>
            <!-- VISUALIZATION PARAMETERS -->
            <visualization_param name="VISUALIZATION_PARAM">
                <show_all_superimposed type="BOOL">TRUE</show_all_superimposed>
                <interest_point_detector type="BOOL">FALSE</interest_point_detector>
                <candidate_detector type="BOOL">TRUE</candidate_detector>
                <outlier_remover_2d type="BOOL">FALSE</outlier_remover_2d>
                <sparse_stereo type="BOOL">FALSE</sparse_stereo>
                <outlier_remover_3d type="BOOL">FALSE</outlier_remover_3d>
                <candidate_prioritization type="BOOL">TRUE</candidate_prioritization>
                <tracker type="BOOL">TRUE</tracker>
                <stat_window type="BOOL">FALSE</stat_window>
                <wait_time type="INT">1</wait_time>
            </visualization_param>
        </modules>
    </pipeline>
    <camera>
        <frame_height type="UINT">360</frame_height>
        <frame_width type="UINT">640</frame_width>
        <frame_rate type="UINT">30</frame_rate>
    </camera>
</pipeline>