<?xml version="1.0"?>
<opencv_storage>
<Histogram type_id="opencv-matrix">
  <rows>0</rows>
  <cols>0</cols>
  <dt>u</dt>
  <data></data></Histogram>
<ColorSpace>4</ColorSpace>
<Ch1Bins>16</Ch1Bins>
<Ch2Bins>16</Ch2Bins>
<acquire_closest_object>0</acquire_closest_object>
<mc_ch1_range0>0.</mc_ch1_range0>
<mc_ch1_range1>255.</mc_ch1_range1>
<mc_ch2_range0>0.</mc_ch2_range0>
<mc_ch2_range1>255.</mc_ch2_range1>
<mc_pChannels0>0</mc_pChannels0>
<mc_pChannels1>1</mc_pChannels1>
<mc_nChannels>2</mc_nChannels>
<mc_threshold>0</mc_threshold>
<mc_keepProbablity>9.7000002861022949e-001</mc_keepProbablity>
<mc_erosion>1</mc_erosion>
<mc_dilation>3</mc_dilation>
<mc_NIMAGES>5</mc_NIMAGES>
<mc_onlineColorContribute>1.5999999642372131e-001</mc_onlineColorContribute>
<mc_onlineHistHistoryLength>5</mc_onlineHistHistoryLength>
<m_maxColorDistanceForOnlineUpdate>6</m_maxColorDistanceForOnlineUpdate>
</opencv_storage>
