<pipeline name="STANDARD_DETECTION_PIPELINE">
    <!-- PREFETCHER_EXECUTER_PIPELINE STANDARD_DETECTION_PIPELINE-->
    <modules>
        <!-- PREDICTION VALIDATION -->
        <!-- EXPONENTIAL SMOOTHER in 2D with max lag formula -->
        <prediction_validator name="CONST_ACCELERATION_PREDICTION_OF_VALIDATION">
            <!--CONST_ACCELERATION_PREDICTION_OF_VALIDATION-->
            <prediction_frequency type="INT">1</prediction_frequency>
            <!-- 2 ON MASTER-->
            <max_u_predictionError type="FLOAT">4</max_u_predictionError>
            <max_v_predictionError type="FLOAT">4</max_v_predictionError>
            <history_length_for_velocity_prediction type="INT">15</history_length_for_velocity_prediction>
        </prediction_validator>
        <!-- DENSE STEREO PARAMETERS-->
        <dense_stereo name = "DENSE_STEREO">
            <bmh_nlca_only type="BOOL">FALSE</bmh_nlca_only>
            <bmh_pyr_levels type="INT">2</bmh_pyr_levels>
            <bmh_pyr_subsample type="INT">2</bmh_pyr_subsample>
            <bmh_propagation_rule type="INT">0</bmh_propagation_rule>
            <bmh_motion_threshold type="INT">5</bmh_motion_threshold>
            <bmh_roi_motion_threshold type="INT">3</bmh_roi_motion_threshold>
            <bmh_use_motion type="BOOL">FALSE</bmh_use_motion>
            <bmh_merge_fact type="FLOAT">0.2</bmh_merge_fact>
            <bmh_alpha type="INT">48</bmh_alpha>
            <bmh_beta type="INT">6</bmh_beta>
            <subsample type="DOUBLE">0.5</subsample>
            <bmh_exposure_filter type="BOOL">TRUE</bmh_exposure_filter>
            <bmh_exposure_min type="INT">5</bmh_exposure_min>
            <bmh_exposure_max type="INT">250</bmh_exposure_max>
            <bmh_subpixel type="BOOL">FALSE</bmh_subpixel>
            <!-- color model 0=grayscale, 1=RGB, 2=Lab -->
            <bmh_color_model type="INT">2</bmh_color_model>
            <!-- internal parameters fo1 BM -->
            <bmh_bm_prefilter_cap type="INT">31</bmh_bm_prefilter_cap>
            <bmh_bm_sad_window_size type="INT">5</bmh_bm_sad_window_size>
            <bmh_bm_roi_sad_window_size type="INT">7</bmh_bm_roi_sad_window_size>
            <bmh_bm_uniqueness_ratio type="FLOAT">5.0</bmh_bm_uniqueness_ratio>
            <bmh_bm_texture_thresh type="INT">3</bmh_bm_texture_thresh>
            <bmh_bm_speckle_range type="INT">32</bmh_bm_speckle_range>
            <bmh_bm_speckle_window_size type="INT">100</bmh_bm_speckle_window_size>
            <!-- internal parameters for SGBM -->
            <bmh_sgbm_prefilter_cap type="INT">31</bmh_sgbm_prefilter_cap>
            <bmh_sgbm_sad_window_size type="INT">3</bmh_sgbm_sad_window_size>
            <bmh_sgbm_uniqueness_ratio type="FLOAT">50.0</bmh_sgbm_uniqueness_ratio>
            <bmh_sgbm_speckle_range type="INT">32</bmh_sgbm_speckle_range>
            <!-- internal parameters for NLCA -->
            <bmh_nlca_max_sad_score type="INT">100</bmh_nlca_max_sad_score>
            <!-- 30 - 100 -->
            <bmh_nlca_uniqueness_ratio type="FLOAT">0.1</bmh_nlca_uniqueness_ratio>
            <!-- 0.05 - 0.4 -->
            <bmh_nlca_neighbor_distance_thresh type="INT">9</bmh_nlca_neighbor_distance_thresh>
            <!-- 3 - 30 -->
            <bmh_nlca_speckle_range type="INT">64</bmh_nlca_speckle_range>
            <!-- 0 or 32 or 64 -->
            <bmh_nlca_speckle_window_size type="INT">128</bmh_nlca_speckle_window_size>
            <bmh_nlca_prefilter_type type="INT">1</bmh_nlca_prefilter_type>
            <!-- -1 (none), 0 (norm) or 1 (xsobel) -->
            <bmh_nlca_prefilter_cap type="INT">63</bmh_nlca_prefilter_cap>
            <!-- 0, 31, 63, 127 -->
            <bmh_nlca_postfilter_size type="INT">0</bmh_nlca_postfilter_size>
            <!-- 0, 3 or 5 -->
            <bmh_nlca_sigma type="FLOAT">0.05</bmh_nlca_sigma>
            <!-- 0.03 - 0.1 -->
            <bmh_nlca_roi_sigma type="FLOAT">0.03</bmh_nlca_roi_sigma>
            <bmh_nlca_left_right_check type="INT">0</bmh_nlca_left_right_check>
            <!-- maximum disparity between left and right (0 = no check) -->
            <bmh_nlca_support_type type="INT">0</bmh_nlca_support_type>
            <!-- 0 (raw), 1 (superpixel) -->
            <bmh_nlca_superpixel_num type="INT">0</bmh_nlca_superpixel_num>
            <do_only_in_roi type="BOOL">FALSE</do_only_in_roi>
        </dense_stereo>
        <!-- FINGER DETECTION -->
        <segmentor name="STACKED_FGC">
            <use_optical_flow_extrapolation type="BOOL">FALSE</use_optical_flow_extrapolation>
            <fb_extrapolation_error_thresh type="FLOAT">4.5</fb_extrapolation_error_thresh>
            <color_space type="STRING">"011"</color_space>
            <modules>
                <segmentor name="TemporalMultiFramesConditional">
                    <write_mask_result type="BOOL">FALSE</write_mask_result>
                    <min_ratio type="FLOAT">0.03</min_ratio>
                    <min_diff type="INT">6</min_diff>
                    <max_past_frames type="INT">5</max_past_frames>
                    <max_past_time_ms type="INT">1000</max_past_time_ms>
                    <max_foreground_ratio type="FLOAT">1.0</max_foreground_ratio>
                </segmentor>
                <segmentor name="FeedbackMask">
                    <!-- FeedbackMask -->
                    <write_mask_result type="BOOL">FALSE</write_mask_result>
                    <prev_cand_mask_contour_thickness type="INT">10</prev_cand_mask_contour_thickness>
                    <feedback_type type="STRING">CONTOUR</feedback_type>
                    <max_feedback_num type="INT">2</max_feedback_num>
                </segmentor>
                <segmentor name="DepthBasedFGC">
                    <write_mask_result type="BOOL">FALSE</write_mask_result>
                    <max_speckle_size type="INT">3</max_speckle_size>
                    <dilation_size_short type="INT">6</dilation_size_short>
                    <dilation_vert_increment_short type="INT">0</dilation_vert_increment_short>
                    <dilation_size_long type="INT">5</dilation_size_long>
                    <dilation_vert_increment_long type="INT">0</dilation_vert_increment_long>
                    <use_localisation_mask type="BOOL">TRUE</use_localisation_mask>
                    <localize_fgc_mask type="BOOL">FALSE</localize_fgc_mask>
                    <use_predicted_disparity_noise type="BOOL">FALSE</use_predicted_disparity_noise>
                    <!-- zFocus params -->
                    <alpha_z type="FLOAT">0.4</alpha_z>
                    <!-- alpha for exponential smoother -->
                    <zfocus_depth_slack type="INT">90</zfocus_depth_slack>
                    <zfocus_width_slack type="INT">10</zfocus_width_slack>
                    <zfocus_height_slack type="INT">20</zfocus_height_slack>
                    <zfocus_reset_frames type="INT">2</zfocus_reset_frames>
                    <disparity_resolution type="FLOAT">0.5</disparity_resolution>
                </segmentor>
                <segmentor name="PredictedCandidatePositionMask">
                    <write_mask_result type="BOOL">FALSE</write_mask_result>
                    <mask_thickness type="INT">8</mask_thickness>
                </segmentor>
                <segmentor name="NoOverExposed">
                    <write_mask_result type="BOOL">FALSE</write_mask_result>
                    <num_dilations type="INT">3</num_dilations>
                    <overexposed_thresh type="INT">230</overexposed_thresh>
                </segmentor>
            </modules>
        </segmentor>
        <candidate_detector name="TEMPLATE_MATCHER">
            <crop_image_based_on_prediction type="BOOL">TRUE</crop_image_based_on_prediction>
            <template_modalities type="STRING">"SilhouetteGradient",</template_modalities>
            <template_folder_path type="STRING">"\YML\Finger"</template_folder_path>
            <match_thresh_names type="STRING">"finger",</match_thresh_names>
            <match_thresh_values type="FLOAT">52,</match_thresh_values>
            <tm_crop_margin type="INT">21</tm_crop_margin>
            <max_num_matches type="INT">180</max_num_matches>
            <tm_feedback_max_scale_delta type="FLOAT">0.3</tm_feedback_max_scale_delta>
            <tm_feedback_max_rot_delta type="INT">45</tm_feedback_max_rot_delta>
            <tm_feedback_max_num_candidates type="INT">2</tm_feedback_max_num_candidates>
            <sort_using_tip_proximity type="BOOL">TRUE</sort_using_tip_proximity>
        </candidate_detector>

        <outlier_remover_2d name="MEAN_SHIFT_OUTLIER_REJECTOR">
            <dist_bandwidth type="FLOAT">0.5</dist_bandwidth>
            <scale_bandwidth type="FLOAT">0.2</scale_bandwidth>
            <angle_bandwidth type="INT">5</angle_bandwidth>
            <max_iterations type="INT">100</max_iterations>
            <termination_difference type="INT">1</termination_difference>
            <sorting_criteria type="STRING">"scale"</sorting_criteria>
            <apply_on_slave type="BOOL">true</apply_on_slave>
        </outlier_remover_2d>

        <!-- STEREO -->
        <sparse_stereo name="TEMPLATE_BASED_SPARSE_STEREO">
            <median_kernel_size type="INT">1</median_kernel_size>
            <!-- [mm] measured at bottom end of template -->
            <stereo_confidence_th type="FLOAT">0.16</stereo_confidence_th>
            <stereo_n_rows_tolerance type="INT">2</stereo_n_rows_tolerance>
            <max_angle_diff_from_projection type="INT">10</max_angle_diff_from_projection>
            <!-- Patch Comparer -->
            <metric type="INT">5</metric>
            <!-- 0 = TAD_FIXED_WINDOW, 1 = WARPED_TAD, 2 = WARPED_GAD, 3 = WARPED_GADTAD, 4 = WARPED_BHD, 5 = WARPED_GADTADBHD -->
            <patch_width type="INT">41</patch_width>
            <patch_height type="INT">41</patch_height>
            <max_col_localization_error type="INT">2</max_col_localization_error>
            <!-- [pixel] max offset of candidate from correct position -->
            <max_row_localization_error type="INT">0</max_row_localization_error>
            <!-- todo: This is identical to n_rows_tolerance (?) -->
            <slave_refinement_only type="BOOL">true</slave_refinement_only>
            <gradient_image_contribute type="FLOAT">0.3</gradient_image_contribute>
            <!-- CORRELATION BASED SPARSE STEREO -->
            <stereo_aggregation_wnd_h_w_step type="INT">1</stereo_aggregation_wnd_h_w_step>
            <stereo_sampling_step type="INT">1</stereo_sampling_step>
            <stereo_row_col_ratio type="INT">2</stereo_row_col_ratio>
            <!-- TEMPLATE BASED SPARSE STEREO -->
            <templates_to_use type="STRING">"admissible"</templates_to_use>
            <!-- all, admissible -->
            <match_thresh_increase type="INT">8</match_thresh_increase>
            <refine_disparity type="BOOL">false</refine_disparity>
            <disparity_slack type="INT">10</disparity_slack>
            <admissibility_scale_slack type="FLOAT">0.1</admissibility_scale_slack>
            <admissibility_angle_slack type="FLOAT">15</admissibility_angle_slack>
            <template_matching_contribute type="FLOAT">0.1</template_matching_contribute>
            <stereo_LR_delta type="INT">14</stereo_LR_delta>
            <frame_to_debug_step_by_step type="INT">-1</frame_to_debug_step_by_step>
            <!-- Brief descriptor parameters-->
            <brief_descriptors_max_hamming_distance type="FLOAT">0.5</brief_descriptors_max_hamming_distance>
            <!--Stereo smoothing-->
            <stereo_smoothing_window_half_width type="INT">30</stereo_smoothing_window_half_width>
            <stereo_smoothing_window_half_height type="INT">30</stereo_smoothing_window_half_height>
            <smooth_to_top_row type="BOOL">TRUE</smooth_to_top_row>
            <!-- disparity resolution used for the z noise term -->
            <disparity_resolution type="FLOAT">2</disparity_resolution>
            <perform_z_check type="BOOL">true</perform_z_check>
            <weak_z_check_slack type="INT">0</weak_z_check_slack>
        </sparse_stereo>
        <outlier_remover_3d name="MEAN_SHIFT_3D">
            <dist_bandwidth_xyz type="FLOAT">30,20,20</dist_bandwidth_xyz>
            <scale_bandwidth type="FLOAT">0.2</scale_bandwidth>
            <angle_bandwidth type="INT">20</angle_bandwidth>
            <max_iterations type="INT">50</max_iterations>
            <termination_difference type="INT">1</termination_difference>
        </outlier_remover_3d>
        <!-- DATA ASSOCIATION -->
        <candidate_prioritization name="PROBABILISTIC_DATA_ASSOCIATOR">
            <use_template type="BOOL">TRUE</use_template>
            <use_parametricPDA type="BOOL">FALSE</use_parametricPDA>
            <use_row_rank type="BOOL">TRUE</use_row_rank>
            <num_frames_to_start_track type="INT">1</num_frames_to_start_track>
            <num_frames_to_retrieve_track type="INT">4</num_frames_to_retrieve_track>
            <target_detection_probability type="FLOAT">0.925</target_detection_probability>
            <gate_probability type="FLOAT">0.91</gate_probability>
            <lambda type="FLOAT">0.01</lambda>
            <x_variance type="FLOAT">70</x_variance>
            <y_variance type="FLOAT">12</y_variance>
            <z_variance type="FLOAT">0.1</z_variance>
            <x_variance_steady type="FLOAT">30</x_variance_steady>
            <y_variance_steady type="FLOAT">6</y_variance_steady>
            <z_variance_steady type="FLOAT">0.4</z_variance_steady>
            <scale_variance type="FLOAT">0.004</scale_variance>
            <rotation_variance type="FLOAT">800</rotation_variance>
            <x_noise_variance type="FLOAT">30</x_noise_variance>
            <y_noise_variance type="FLOAT">90</y_noise_variance>
            <z_noise_variance type="FLOAT">20.16</z_noise_variance>
            <x_noise_variance_steady type="FLOAT">80</x_noise_variance_steady>
            <y_noise_variance_steady type="FLOAT">55</y_noise_variance_steady>
            <z_noise_variance_steady type="FLOAT">25</z_noise_variance_steady>
            <scale_noise_variance type="FLOAT">1</scale_noise_variance>
            <rotation_noise_variance type="FLOAT">800</rotation_noise_variance>
            <v_bias type="FLOAT">0</v_bias>
            <dense_stereo_disparity_correction type="BOOL">FALSE</dense_stereo_disparity_correction>
            <bbox_shrink_ratio type="FLOAT">0.5</bbox_shrink_ratio>
            <context_min_var_c type="FLOAT">35</context_min_var_c>
            <context_min_var_r type="FLOAT">8</context_min_var_r>
            <context_min_var_disp type="FLOAT">12.6</context_min_var_disp>
        </candidate_prioritization>
        <!--CONTEXT SUPPORT-->
        <context_support name="KEYPOINT_BASED_CONTEXT_SUPPORT">
            <detector_response_th_min type="INT">3</detector_response_th_min>
            <descriptor_association_distance_th type="FLOAT">58</descriptor_association_distance_th>
            <reject_assignment_th type="FLOAT">30.0</reject_assignment_th>
            <motion_history_dist_multiplier type="FLOAT">0.00125</motion_history_dist_multiplier>
            <depth_dist_multiplier type="FLOAT">0.04</depth_dist_multiplier>
            <mask_confidence_th type="FLOAT">0.05</mask_confidence_th>
            <num_supporters_in_outlier_rejector type="INT">5</num_supporters_in_outlier_rejector>
            <confidence_th_in_outlier_rejector type="FLOAT">0.256</confidence_th_in_outlier_rejector>
            <outlier_rejection_ratio type="FLOAT">2.8</outlier_rejection_ratio>
            <min_th_to_become_an_outlier type="FLOAT">20</min_th_to_become_an_outlier>
            <disparity_resolution type="FLOAT">2</disparity_resolution>
        </context_support>

        <!-- ACTION MODULE -->
        <action_module_0 name="HARLEM_TAP">
            <modules>
                <SteadyDetector name="STEADY_DETECTOR_DIRECTOR">
                    <modules>
                        <SteadyDetector name="SVD_STEADY_DETECTOR">
                            <max_time_history type="INT">200</max_time_history>
                            <!-- 200 -->
                            <max_position_weight type="INT">10</max_position_weight>
                            <min_velocity_th type="FLOAT">0.2</min_velocity_th>
                            <svd_eigenvalues_th type="FLOAT">4.5,2</svd_eigenvalues_th>
                            <svd_eigenvalues_ratio_th type="FLOAT">0.2</svd_eigenvalues_ratio_th>
                            <mean_velocity_th type="DOUBLE">0.2,0.2</mean_velocity_th>
                            <std_dev_velocity_th type="DOUBLE">0.2,0.1</std_dev_velocity_th>
                            <toggle_steady_timeout type="INT">200</toggle_steady_timeout>
                            <z_distance_th type="FLOAT">5</z_distance_th>
                        </SteadyDetector>
                    </modules>
                </SteadyDetector>
                <FlickDetector name="FLICK_DETECTOR_DIRECTOR">
                    <modules>
                        <FlickDetector name="TRACKER_BASED_FLICK_DETECTOR">
                            <!-- gray -->
                            <min_distance_leaving_south type="FLOAT">3.0</min_distance_leaving_south>
                            <!-- green -->
                            <max_distance_leaving type="FLOAT">8,60,60,95</max_distance_leaving>
                            <!-- N W E S -->
                            <max_distance_percentage_returning_south type="FLOAT">93</max_distance_percentage_returning_south>
                            <!-- red -->
                            <max_flick_length_total type="INT">2500</max_flick_length_total>
                            <max_flick_length_returning type="INT">125</max_flick_length_returning>
                            <first_movement_detection_distance_th type="FLOAT">3.5,2.5,2.5,12.5</first_movement_detection_distance_th>
                            <max_movement_duration_th type="INT">400</max_movement_duration_th>
                            <normalization_min_distance type="FLOAT">500</normalization_min_distance>
                            <normalization_max_distance type="FLOAT">1000</normalization_max_distance>
                            <allowed_trapezoid_delta_x1 type="FLOAT">6</allowed_trapezoid_delta_x1>
                            <allowed_trapezoid_delta_y1 type="FLOAT">-2</allowed_trapezoid_delta_y1>
                            <allowed_trapezoid_delta_y2 type="FLOAT">30</allowed_trapezoid_delta_y2>
                            <min_ratio_y_x_movement type="FLOAT">0.7</min_ratio_y_x_movement>
                        </FlickDetector>
                    </modules>
                </FlickDetector>
            </modules>
        </action_module_0>
        <action_module_1 name="HOG_OPEN_HAND">
            <model_file type="STRING">"YML/Gesture/hogSvmOpenHand_1"</model_file>
            <svm_threshold type="FLOAT">-0.15</svm_threshold>
            <hog_timewindow_ms type="INT">850</hog_timewindow_ms>
            <hog_postive_count_to_trigger type="INT">20</hog_postive_count_to_trigger>
            <stripe_height type="INT">16</stripe_height>
        </action_module_1>
        <!-- TRACKING -->
        <!-- EXPONENTIAL SMOOTHER in 2D with max lag formula -->
        <tracker name="SMOOTHER_FIXEDLAG_2D">
            <max_lag_pos type="FLOAT">30</max_lag_pos>
            <max_lag_disparity type="FLOAT">80</max_lag_disparity>
            <max_lag_angle type="FLOAT">15</max_lag_angle>
            <max_lag_scale type="FLOAT">0.4</max_lag_scale>
            <normalization_distance type="FLOAT">-1</normalization_distance>
        </tracker>
        <!-- TRUE NEGATIVE DETECTOR -->
        <true_negative_detector name = "HOG_TIMEOUT_JUMPY_COLOR_TN_DETECTOR">
            <nocand_timeout_ms type="UINT">0</nocand_timeout_ms>
            <!-- Max time with no candidates before returning back to listening (ms) -->
            <TZIZ_cand_first_cand_wait type="INT">3000</TZIZ_cand_first_cand_wait>
            <!-- Time the module waits, after the reset, to check the TZ-IZ (ms) -->
            <TZIZ_cand_timeout_ms type="UINT">100</TZIZ_cand_timeout_ms>
            <!-- Time in TZ-IZ before returning back to listening (ms) -->
            <margin_fov_teezeeizee type="FLOAT">30,30,30</margin_fov_teezeeizee> 
            <history_length_for_jump_detection type="INT">80</history_length_for_jump_detection>
            <!-- History length [frames] -->
            <jump_th_x type="FLOAT">5</jump_th_x>
            <!-- Interpolation/extrapolation error in x to ba a jump [mm] -->
            <jump_th_y type="FLOAT">4</jump_th_y>
            <!-- Interpolation/extrapolation error in y to ba a jump [mm] -->
            <min_jumps_percentage_for_jumpy_trajectory type="FLOAT">0.08</min_jumps_percentage_for_jumpy_trajectory>
            <!-- Th for a jumpy track 6/100 -->
            <go_to_sleep_down_frame_count type="INT">8</go_to_sleep_down_frame_count>
            <down_motion_max_delta_x type="FLOAT">12</down_motion_max_delta_x>
            <down_motion_min_delta_y type="FLOAT">8</down_motion_min_delta_y>
            <model_file type="STRING">"YML/Gesture/hogSvmTracking_1"</model_file>
            <hog_timewindow_ms type="INT">1000</hog_timewindow_ms>
            <hog_negative_count_to_shutdown type="INT">8</hog_negative_count_to_shutdown>
            <color_dilation_kernel_size type="UINT">5</color_dilation_kernel_size>
            <color_threshold type="FLOAT">35.0</color_threshold>
            <color_online_update type="BOOL">TRUE</color_online_update>
            <color_check_timewindow_ms type="INT">1000</color_check_timewindow_ms>
            <color_check_negative_count_to_shutdown type="INT">30</color_check_negative_count_to_shutdown>
            <color_model_type type="STRING">"BACKPROJECT"</color_model_type>
            <color_model_filename type="STRING">"BackProjectCM.xml"</color_model_filename>
            <hog_svm_thresh type="FLOAT">-0.2</hog_svm_thresh>
        </true_negative_detector>
        <!-- CACHE -->
        <cache name="CACHE">
            <remapped_frame_buffer_size type="INT">1</remapped_frame_buffer_size>
            <remapped_frame_buffer_history type="INT">0</remapped_frame_buffer_history>
        </cache>
        <!-- VISUALIZATION PARAMETERS -->
        <visualization_param name="VISUALIZATION_PARAM">
            <show_all_superimposed type="BOOL">TRUE</show_all_superimposed>
            <prediction_validator type="BOOL">FALSE</prediction_validator>
            <segmentor type="BOOL">FALSE</segmentor>
            <candidate_detector type="BOOL">FALSE</candidate_detector>
            <outlier_remover_2d type="BOOL">FALSE</outlier_remover_2d>
            <sparse_stereo type="BOOL">FALSE</sparse_stereo>
            <outlier_remover_3d type="BOOL">FALSE</outlier_remover_3d>
            <candidate_prioritization type="BOOL">FALSE</candidate_prioritization>
            <context_support type="BOOL">FALSE</context_support>
            <action_module_0 type="BOOL">FALSE</action_module_0>
            <action_module_1 type="BOOL">FALSE</action_module_1>
            <tracker type="BOOL">FALSE</tracker>
            <roi_mover type="BOOL">FALSE</roi_mover>
            <true_negative_detector type="BOOL">FALSE</true_negative_detector>
            <stat_window type="BOOL">FALSE</stat_window>
            <dense_stereo type="BOOL">FALSE</dense_stereo> 
            <show_module_trajectory type="STRING">"",</show_module_trajectory>
            <!-- "candidate_prioritization","tracker" -->
            <trajectory_display_height type="UINT">720</trajectory_display_height>
            <trajectory_display_width type="UINT">1280</trajectory_display_width>
            <trajectory_setting type="STRING">"1D","line"</trajectory_setting>
            <!-- [0] "1D" or "2D", [1] "line" or "dot" -->
            <trajectory_num_candidate type="INT">500,20</trajectory_num_candidate>
            <!-- [0] size of buffer, [1] latest # of candidates -->
            <wait_time type="INT">1</wait_time>
        </visualization_param>
    </modules>
    <camera/>
    <parameters/>
</pipeline>
