<rootElement>
	<features> <!--possible types: point,vector,boundingBox; up to three comma separated exceptions; -->
		<feature type="point" exceptions="HeadRotated, HeadOutsideImage, Occluded">forehead</feature>
		<feature type="point" exceptions="HeadRotated, HeadOutsideImage, Occluded">leftEye</feature>
		<feature type="point" exceptions="HeadRotated, HeadOutsideImage, Occluded">nose</feature>
		<feature type="point" exceptions="HeadRotated, HeadOutsideImage, Occluded">rightEye</feature>
		<feature type="point" exceptions="HeadRotated, HeadOutsideImage, Occluded">leftEar</feature>
		<feature type="point" exceptions="HeadRotated, HeadOutsideImage, Occluded">chin</feature>
		<feature type="point" exceptions="HeadRotated, HeadOutsideImage, Occluded">rightEar</feature>
	</features>
	<guiconfig>
		<frameStep>1</frameStep> <!-- integer value that determines the interval for frame navigation -->
		<task>UPDATE</task> <!--  types: UPDATE/NEW; (use latest label revision)/ (create new label file everytime tool is opened) -->
		<jumpToFrameEnable>enable</jumpToFrameEnable> <!-- types: enable/disable; whether or not a user can type a frame in to skip -->
		<sequence>FRAME</sequence> <!-- types: FRAME/FEATURE; (label every feature per frame)/(label single feature per frame); currently only FRAME is compatible -->
		<setup>face</setup> <!-- face/general; detects for pre-configured setups according to spec; face setup is only compatible with face labeling spec; general setup is for any other configuration -->
	</guiconfig>
</rootElement>